Date,Prev_RSI_BTC,Prev_RSI_SPX,Prev_RSI_NDX,Prev_DXY_Trend,Prev_Rate_Trend,Prev_BTC_AG,Prev_BTC_AL,Prev_SPX_AG,Prev_SPX_AL,Prev_NDX_AG,Prev_NDX_AL,Prev_RSI_GLD,Prev_RSI_TLT,Prev_RSI_USDT,Prev_GLD_AG,Prev_GLD_AL,Prev_TLT_AG,Prev_TLT_AL,Prev_USDT_AG,Prev_USDT_AL,Prev_Active_Addresses
2015-12-01,49.15009754070422,56.907206525723105,64.41061474581869,3.220001220703125,0.10199999809265137,19.874998910086497,20.562355041503906,31.813563755580358,24.090715680803573,2.4480879647391185,1.3526644025530135,35.959910366218494,57.84473541217507,100.0,1.3071425301688058,2.327856881277902,1.7444594247000558,1.2713023594447546,0.0,0.0,323984.71428571426
2016-01-01,53.826906670316156,54.18795268307253,61.89828321101318,-1.5400009155273438,-0.02199999988079071,22.258639822200852,19.0936153956822,29.541166344467477,24.97494818239796,2.2732245386863243,1.399291758634606,35.61323680830097,57.168162459540426,100.0,1.2137752065853196,2.1944384672203845,1.6198551800786232,1.2136365929428412,0.0,0.0,387068.625
2016-02-01,48.27699504684489,47.271134917892,54.10019919519859,0.9800033569335938,0.15200001001358032,20.668736977757934,22.144070566916955,27.431083034148372,30.598162681646322,2.110851357351587,1.7908927928602034,42.71175248433334,62.78336238709442,100.0,1.5192196820984774,2.0376928624189286,1.9011282545484536,1.1269482648754954,0.0,0.0,382680.625
2016-03-01,53.976893296119,46.77448339967647,52.528129362841796,-1.4000015258789062,0.007999986410140991,24.115969527616745,20.5623512407086,25.471719960280634,28.984723187644796,1.9600762603979018,1.7714030139896086,54.27227911958482,65.27957436357028,100.0,2.2457041649061753,1.8921433722461478,1.9674856314208298,1.0464519602415314,0.0,0.0,431287.0
2016-04-01,52.09618070918954,54.89805362618417,57.93845023639969,-3.6200027465820312,-0.11499999463558197,22.393400275644122,20.591325227839906,32.760169232090945,26.91438581709874,2.2657620581694244,1.644874227276065,53.281764787069406,65.12321949626775,100.0,2.085296724555734,1.828418845657137,1.826950943462199,0.978424708407873,0.0,0.0,381738.25
2016-05-01,54.6592867144109,55.21900597342176,54.762003299112145,-1.5099945068359375,0.0,23.05022806008472,19.1205162829942,30.817304186495164,24.991929687305973,2.1039219111573226,1.7380155352608104,58.217343297566195,63.79617570647277,100.0,2.3656328253896435,1.69781749953877,1.6964544475006136,0.9627244589373329,0.0,0.0,385227.85714285716
2016-06-01,60.62544484245382,57.09086327765826,58.35978585310886,2.80999755859375,0.08999998867511749,27.337211281797416,17.754765119923185,30.87677548344194,23.206791852498405,2.261880757800382,1.6138715684564668,50.903416230258074,64.62532455566078,100.0,2.196659052147526,2.118687961520655,1.6331557167360609,0.8939584261560949,0.0,0.0,383580.875
2016-07-01,68.3014491080838,57.207123644931634,55.479966949560385,0.25,-0.034999996423721313,35.523909673778405,16.48656761135724,28.8077312524818,21.549163863034234,2.1003178465289265,1.6854051126041074,58.58796509625373,70.82208346135928,100.0,2.7833265242876584,1.9673531071263226,2.0148701364530166,0.830104252859231,0.0,0.0,421250.125
2016-08-01,63.716311780965086,61.592136666464675,61.34662327208372,-0.6100006103515625,-0.008000001311302185,32.986487554222805,18.78438026941878,32.088606894045604,20.009937872817506,2.4838355964350636,1.5650190331323854,60.20529624396388,72.5214855070571,100.0,2.7638028087553925,1.826827885188728,2.0343299652247877,0.7708110919407145,0.0,0.0,365532.28571428574
2016-09-01,59.375011281564845,61.35207093978374,62.16128404394053,0.48999786376953125,0.07999999821186066,30.630309871778316,20.957570636614314,29.79656354447092,18.76995277364304,2.3873633743543223,1.453231959337215,56.24679277255499,70.3740223919214,100.0,2.5663883224157216,1.996339961121118,1.8890206819944457,0.7952378238989112,0.0,0.0,386850.75
2016-10-01,61.349650595288104,61.092752676088324,63.71319111067237,-0.55999755859375,-0.06000000238418579,30.8897877729571,19.460601305427577,27.66823757700871,17.62066554985604,2.369358824944527,1.3494296765274139,56.87209384599485,67.2130939652869,100.0,2.4445034858397103,1.8537442496124665,1.7540906332805568,0.8556547746402278,0.0,0.0,402219.75
2016-11-01,66.0779684610495,57.01392501124891,61.98771072493099,2.9899978637695312,0.034999996423721313,35.20030289715436,18.070558355039893,25.69193489293666,19.370626381116324,2.200118908877061,1.3491634942754556,53.34009650761443,59.04429219485596,100.0,2.2698960939940167,1.9856194423717324,1.6287984451890885,1.1298059594734036,0.0,0.0,438064.0
2016-12-01,68.1355870626154,61.757282411483175,62.37815305110572,3.0500030517578125,0.1730000078678131,35.88020941454512,16.77980418682276,29.046807847012616,17.987010211036587,2.0771712238400832,1.2527946732557802,45.04332391563245,47.80706041342802,100.0,2.1077606587087296,2.571646799445627,1.5124556991041536,1.6512102657652028,0.0,0.0,482996.375
2017-01-01,75.83318437353647,64.10658262486044,63.161156777529484,0.8899993896484375,0.01199999451637268,48.89248031015797,15.581246744906847,29.830608681601,16.702223767391114,1.9945241799845974,1.163309339451796,43.51260816789966,47.017579347195166,100.0,1.9572063259438204,2.5408148416029706,1.4044231491681425,1.5825939807384473,0.0,0.0,499069.0
2017-02-01,76.02370082265968,66.33487359748977,67.9022705039607,-2.8799972534179688,0.02000001072883606,45.87587701512437,14.468300548842072,30.55985370880807,15.509207784006035,2.285180529537874,1.080215815205239,48.72162793481071,48.60323210705527,100.0,2.2416917627625654,2.359328067202758,1.3896779540475943,1.469551553542844,0.0,0.0,476039.5714285714
2017-03-01,81.07846082793475,70.50910287037037,71.27217706970495,1.6100006103515625,0.023000001907348633,57.5680969116445,13.434850509639066,34.431990971794995,14.401407228005604,2.4885315872076013,1.003057542690579,51.69366670729404,50.32913109441201,100.0,2.344428087220652,2.1908046338311324,1.3826677018890607,1.364583585432641,0.0,0.0,506529.4285714286
2017-04-01,72.57292636332811,70.40707778508514,72.61305216920411,-0.7700042724609375,0.2149999737739563,53.45608998938418,20.20235630470949,31.97256304523821,13.438443988505204,2.469518148465931,0.9314105753555377,51.25033805567674,49.48975462662432,100.0,2.1769689381334625,2.070747312573942,1.2839057231826991,1.3103801706737805,0.0,0.0,522764.75
2017-05-01,78.71125923285092,71.44603074448874,74.7099161338252,-1.2999954223632812,0.041999995708465576,69.35922467485229,18.759330854373097,31.223092861203337,12.478555132183404,2.554962090532818,0.8648812485444279,52.9953362863183,51.613549566035616,100.0,2.1678994012927353,1.9228367902472319,1.2979339503353857,1.216781587054225,0.0,0.0,539391.75
2017-06-01,88.29826539905028,72.76895145725453,77.26720938811641,-2.1300048828125,0.17000001668930054,131.4421298738584,17.419378650489303,30.964307489420953,11.587229765598876,2.729695938488621,0.8031040165055402,52.84628243454717,54.177520915107934,100.0,2.01304944405754,1.7962051549784566,1.3358832133694654,1.1298686165503518,0.0,0.0,615103.5714285715
2017-07-01,89.36660616406321,73.3287248838946,71.87683902171506,-1.2599945068359375,0.042999982833862305,135.94127601010067,16.175137318311496,29.581847188837315,10.759570496627529,2.5347176571680055,0.9917558100391847,50.2100617108408,55.26275090509257,100.0,1.8692601980534302,1.8536195084453972,1.2960044310738226,1.0491637153681839,0.0,0.0,555796.0
2017-08-01,91.13509276517173,75.51769251076271,74.95918886653727,-2.8000030517578125,0.06000000238418579,154.4097562950935,15.019770367003531,30.818153583831077,9.991029746868419,2.7567447476437286,0.9209161093221,52.86864778301848,54.1110673821207,100.0,1.9307418522591564,1.7212181149850119,1.203432685997121,1.020572021762086,0.0,0.0,468704.375
2017-09-01,95.15567476887021,75.57982719829019,76.34932712654461,-0.19000244140625,-0.07499998807907104,273.9554914760243,13.946929626503278,28.713275007530644,9.277384764949247,2.7605594189894886,0.8551363872276643,57.41625006357722,58.88071795070291,100.0,2.154974555299518,1.598273963914654,1.3570209379180855,0.9476740202076511,0.0,0.0,549326.5714285715
2017-10-01,86.70719403275237,77.7310745853786,75.21383992954547,0.410003662109375,0.050000011920928955,254.38724208487972,38.99930435184233,30.07019858400167,8.614714424595729,2.563376603347382,0.8447416442365141,52.825743800127334,54.582388244870785,100.0,2.0010478013495527,1.7869685281900023,1.2600908709239367,1.0485125292622943,0.0,0.0,527351.375
2017-11-01,91.4701335321701,79.95874522678314,78.45054650955808,1.470001220703125,0.09500002861022949,388.337434893549,36.213639755282166,31.915177423983693,7.999377679981748,2.8556102621903148,0.7844029553624774,51.867267640049256,54.51887064215975,100.0,1.8581158155388704,1.7243281806128148,1.1700843801436556,0.9761163139676103,0.0,0.0,609025.875
2017-12-01,94.92935290803736,82.41030502580655,79.67258094466418,-1.5400009155273438,0.11500000953674316,629.5418829033848,33.62695120133344,34.80124106222593,7.427993559983052,2.8548361248100913,0.7283741728365862,52.307614644229645,55.68054804978838,100.0,1.75610756479865,1.6011618819976137,1.1387437539043208,0.9063937201127811,0.0,0.0,676413.4285714285
2018-01-01,96.5150628340491,83.20656980779191,79.92190137887833,-0.8899993896484375,0.11699998378753662,864.7746613567144,31.22502611552391,34.174725936129434,6.897422591412834,2.69223569987946,0.6763474462054014,54.94030279487493,58.213676158042134,100.0,1.812814385295733,1.4867931761406414,1.172527573205519,0.8416513115332968,0.0002971376691545759,0.0,839846.125
2018-02-01,72.14179900951936,86.89350552810862,84.59127090817046,-2.9900054931640625,0.07499992847442627,803.0050426883778,310.0875800537007,42.46224202439698,6.40474954916906,3.4478145760180925,0.6280369143335871,58.78376541787845,52.3908093610288,14.943823296786988,1.9690419292031807,1.3805936635591671,1.088775603690839,0.9894049340214318,0.00027591354992924903,0.0015704248632703508,696700.875
2018-03-01,72.47806923955835,74.07024504807765,81.39450732408778,1.4800033569335938,0.18800008296966553,758.2761668713508,287.9384671927221,39.42922473694005,13.802980329139128,3.2015421063025147,0.7318217183041791,55.4116217437421,46.821418253301665,37.435887294458595,1.8283960771172392,1.471265653724863,1.0110059177129218,1.148274931584354,0.0008725600409438242,0.00145825165875104,446412.5714285714
2018-04-01,57.90012944465591,67.00578338073723,71.9304133749326,-0.6399993896484375,0.05199992656707764,704.1135835233972,511.96933421243835,36.612851541444336,18.028478944022048,2.9728605272809068,1.1601068613326753,56.217948242394506,51.563722675904,41.067092408582,1.7542249941465324,1.3661752498873727,1.135101525118193,1.0662552936140428,0.0009435912014692339,0.0013540908259831086,423815.85714285716
2018-05-01,63.18009913900726,67.33594440075697,72.45225609776742,1.8699951171875,0.09300005435943604,815.7497575239582,475.4000960544071,34.510500119957236,16.740730448020475,2.8332127573356187,1.0772420855231986,54.60268523113622,48.08368561559539,38.670759899588944,1.6289232088503514,1.3543059161551831,1.0540228447526079,1.1380363355252607,0.0008761918299357173,0.0013895816697596709,430125.625
2018-06-01,57.22604909717947,69.9193204258323,76.47383502282564,2.1500015258789062,0.10699999332427979,757.4819177008184,566.184366537128,36.13260516161208,15.544963987447584,3.2515494280588557,1.0002962222715415,52.58247436880083,51.374972459814536,37.50443320161711,1.5125715510753264,1.3639981981276368,1.1165114647981806,1.056748025844885,0.0008136066992260231,0.0013557547062702804,441394.375
2018-07-01,53.81656764716799,70.49466712097124,77.09694806319752,0.6399993896484375,0.009999990463256836,703.3760664364743,603.6119062041188,34.487426054086214,14.434609416915615,3.1267112330021964,0.9288464921092885,46.99065711170132,52.42621938500521,40.03267651484673,1.4045307259985174,1.5844266802786762,1.0813533670056767,0.9812660239988217,0.0008404200388512709,0.0012589150843938318,415031.28571428574
2018-08-01,57.2775432794627,74.43135435702999,79.05474333919685,-0.1399993896484375,0.10500001907348633,751.4520575057439,560.4967700466817,39.018318612722915,13.403565887135928,3.2553786313284903,0.8625003141014822,43.97991510048607,49.79235711112539,40.71695124425674,1.304207102712909,1.6612536075522975,1.0041138407909855,1.0124885035206692,0.00080289078947889,0.001168992578365701,429247.875
2018-09-01,54.88689698782379,77.27363166956886,82.27593664101656,0.6500015258789062,0.0700000524520874,697.776910541048,573.5227052777224,42.31915160243914,12.446168323769076,3.71778370642054,0.8008931488085193,41.32168007029017,52.13764183849482,48.72402255836083,1.2110494525191295,1.719735187551352,1.0241479717919642,0.9401678961263357,0.0010314691858354307,0.0010854931084824367,457906.125
2018-10-01,53.55183507061585,77.66452909733307,81.14290270654159,0.0500030517578125,0.09500002861022949,647.9357026452589,561.9867991529743,40.186352269229204,11.557156300642713,3.4522277273905013,0.8022758856681786,40.52396835203083,46.9249565037872,43.719864768747186,1.1245459201963346,1.6504683884405413,0.9509945452353953,1.0756339614072112,0.0009577928154186143,0.0012329569055258228,465822.71428571426
2018-11-01,52.52350327704275,59.711879603820876,63.88487802761125,1.9399948120117188,0.12800002098083496,601.6545810277404,543.8413274500833,37.31589853571283,25.177358724480737,3.2056400325768943,1.812198510045675,44.21945760684754,42.394627225990355,30.57953806744642,1.2149354537286274,1.532577789266217,0.883066363432867,1.1999012700022875,0.0008893790428887133,0.002019033245508493,468178.375
2018-12-01,45.49561394841161,61.978439891415036,63.46653704378957,0.1399993896484375,0.029999971389770508,558.6792538114732,669.3056118174882,38.10975804320656,23.3789759584464,2.9766657445356874,1.7134684319704259,44.82194390836158,45.70181603699553,36.7690075030322,1.156011449151471,1.4231079471757728,0.9377973104435215,1.1141940364306955,0.0010902113403994003,0.001874816585115029,484126.85714285716
2019-01-01,44.72634684090188,47.06368285265614,51.31496063733584,-1.0999984741210938,-0.00800013542175293,518.7735928249394,641.1100763472658,35.387632468691805,39.803322262753795,2.7640467627831384,2.6223877749295696,52.851461814500205,54.74732449063844,59.677553864193975,1.4812962802458414,1.3214573795203606,1.251684242231038,1.0346087481142172,0.002576548052114646,0.0017409011147496696,440015.125
2019-02-01,43.89691552521304,55.952250542639746,59.30180449014222,-0.589996337890625,0.039999961853027344,481.71833619458664,615.6670505255861,46.949230149499535,36.960227815414235,3.5481746045737403,2.4350743624346007,56.98359122374108,56.00944134063358,52.86578975854757,1.6254894030854241,1.2270675666974777,1.2231880411258074,0.960708123248916,0.0023925089055350283,0.0021331189465452426,427051.0
2019-03-01,45.41587545969169,58.97560693674857,61.67669697321518,0.5800018310546875,0.042999982833862305,475.66650330791975,571.6908326309014,49.337848894401354,34.32021154288465,3.639030697969143,2.261140479403558,55.839195344303114,52.99076889157351,55.56725367500965,1.509383017150751,1.1937057502355484,1.1358174667596783,1.0076076816538484,0.002477114979586865,0.001980753307506297,476799.71428571426
2019-04-01,46.40242906906436,60.77568377086758,64.54281565561385,1.1199951171875,-0.05499982833862305,459.5916742490951,530.8557731572656,49.37871055261376,31.86876786125003,3.8219633981839585,2.0996304451604466,52.860722221379994,60.81249820780517,47.73547410682816,1.401569944497126,1.249869320042942,1.4519513108611075,0.9356357043928593,0.0023001781953306604,0.0025184147659187586,508879.75
2019-05-01,51.12911918071592,64.51891350822088,68.54633381864255,0.20000457763671875,0.039999961853027344,515.7152879188026,492.9375036460324,53.81095806894492,29.592427299732172,4.2488474300101045,1.9496568419347005,51.6470312329432,56.955184674505574,51.94695446921819,1.301457805604474,1.218450453467609,1.348240502942457,1.0189548817227778,0.0025280272257335906,0.0023385279969245615,553896.7142857143
2019-06-01,60.77323152294924,54.73668041549398,57.80904985514508,0.26999664306640625,-0.07500004768371582,709.1481523978166,457.7276819570301,49.96731820687743,41.31939817341202,3.9453583278665256,2.879452558582222,54.599039424913066,64.98406943199825,49.91456447949711,1.3606397396907617,1.1314182782199227,1.7559474016580625,0.9461723901711508,0.0023474538524669054,0.0023554898212801525,602359.25
2019-07-01,65.82560027349123,60.9748956404551,62.93821237170568,-1.6200027465820312,-0.25799989700317383,818.684235820294,425.0328475315279,59.94822056152011,38.36801258959688,4.5406004157756135,2.6737773758263486,65.20092544838722,66.0011608374868,42.311538534627395,1.9684508380833858,1.0506026869184997,1.705583840392866,0.8785886480160687,0.0021797785772906977,0.0029719569841727216,648524.8571428572
2019-08-01,62.97627154272975,62.119506563928674,64.66788489716073,2.3899993896484375,-0.005000114440917969,760.2067904045588,446.92531154713305,58.424767167616885,35.627440261768534,4.5442224284880695,2.482793277553038,65.20979837091257,66.29720408687515,50.6164936632549,1.828562190050644,0.9755596378528926,1.6048342604847818,0.815832316014921,0.002828576770441547,0.0027596743424460985,540942.75
2019-09-01,61.20190358856599,59.49575396666438,62.28651613620454,0.40000152587890625,-0.09700000286102295,705.9063053756618,447.49949409287353,54.25156951278711,36.934046091285076,4.219635112167493,2.5549212026217942,73.01274751037454,75.77164120900142,50.612341090361696,2.4508072683422273,0.9058768065776859,2.3691846959105343,0.7575585791567123,0.002626535572552865,0.002562980494019773,531373.125
2019-10-01,56.19216159226458,61.14386124267679,62.83064481599404,0.45999908447265625,-0.1629999876022339,655.4844264202574,511.0206658317754,53.967888068793386,34.29589994190757,4.01032266588823,2.372426831005952,65.66886156346098,70.10018893094059,50.87811971840821,2.2757496063177824,1.1897430977373153,2.1999572176312103,0.9383470454264895,0.0024649986634136954,0.002379910458732646,539702.1428571428
2019-11-01,58.661159499157314,63.09977629344966,66.2251491179982,-2.029998779296875,-0.27199995517730713,673.3581671670247,474.5191897009343,54.45732951812064,31.846192803199887,4.31954147449108,2.202967771648384,68.18306115863923,67.87355557062432,52.61592093045799,2.3674816029089234,1.1047614478989358,2.0428174163718382,0.9669223846412827,0.002453921502000252,0.002209916854537457,513948.75
2019-12-01,52.884638769169136,66.21412674031362,69.04758806475715,0.9199981689453125,0.0419999361038208,625.2611552265229,557.0503245883676,57.95465754361202,29.571464745828468,4.563283768723861,2.0456129308163566,61.91467721578596,67.04387454317578,48.81870093465646,2.1983757741297145,1.3522779205797038,1.8969018866309926,0.9324421803044611,0.00227864139471452,0.0023889170431154174,533734.75
2020-01-01,51.62170532792788,68.68551408644333,71.45328088463306,-1.8799972534179688,-0.034999966621398926,580.5996441389141,544.1203558119663,60.22932834964866,27.45921726398358,4.754498885969032,1.8994977214723312,65.66380665678518,60.50838294199128,47.24285962832502,2.4013484535585072,1.2556866405382965,1.761408894728779,1.1496074125776359,0.002115881295092054,0.002362851177367026,501278.0
2020-02-01,57.84096858668495,68.37003821130872,73.5014196998043,1.0,0.004999995231628418,693.1946821133666,505.2546161111116,55.927233467530904,25.873559585529396,4.892459222936646,1.763819312795736,69.75452383640771,68.24928826499789,48.106504035972485,2.6891098450593502,1.1659947376427038,2.294613443891567,1.067492597393519,0.002033960681879302,0.002194076093269381,505631.375
2020-03-01,55.180989264286495,54.47279482308343,64.01628121173681,0.7399978637695312,-0.2799999713897705,643.6807762481261,522.8093226612108,51.932431076992984,43.40402310285765,4.542997849869742,2.5536309512372237,68.45686742850734,73.15548958477511,52.99789826668152,2.4970305704122535,1.1505663241140955,2.701292557378944,0.9912431261511248,0.0022972505860675762,0.002037356372321568,546907.5714285715
2020-04-01,48.2986223774625,41.958981662591704,55.125574822587936,0.9200057983398438,-1.2000000197440386,597.7035779446885,639.8132466005885,48.22297171435063,66.70587022497496,4.218498003450475,3.4340262868212834,67.983747479236,77.16671965218632,50.031450335746506,2.318671243954235,1.091954574609852,3.110693596458461,0.9204400457117587,0.002133161258491321,0.002130479399887152,524405.5
2020-05-01,54.56772307261229,52.40302575187414,64.98070230240086,-0.03000640869140625,0.06000000424683094,713.5754066406035,594.1123004148321,68.19560543118273,61.94116520890532,5.916922767643186,3.1887386949054775,74.23145781815653,77.89008857933001,51.843040086099236,2.9209090122432184,1.013957819280577,3.010967147813549,0.8546943281609188,0.0021297275745657063,0.0019783022998952123,573856.8571428572
2020-06-01,56.61573523717021,55.84506066543159,68.68226141643564,-0.6800003051757812,0.03800000250339508,719.9275120814533,551.6757075280584,72.74449982560718,57.51679626541208,6.493643468043115,2.960971645269372,76.14789752949596,74.22531735154801,45.77526083271245,3.0058441263938143,0.9415322607605356,2.7958980658268664,0.9708733884262104,0.0019776041763824416,0.0023426424817626127,608353.875
2020-07-01,55.5304921227637,57.25801675336589,71.8410605810148,-0.9499969482421875,0.006999999284744263,668.5041183613495,535.3464019680185,71.54703415726024,53.408453675025505,7.014650004993719,2.7494736706072738,78.05517652973883,74.47100017285314,47.52343587835694,3.1097117927284077,0.8742799564204974,2.6298519497968225,0.9015252892529096,0.0019699888637479466,0.002175310875922426,619944.1428571428
2020-08-01,60.97955558014656,61.32519991006536,75.3484151388614,-3.9000015258789062,-0.0520000085234642,776.8590836792888,497.1073732560172,78.63868015495594,49.5935641268094,7.803584873149859,2.553082694135326,83.72894507928808,77.5192288954931,47.75325999574632,4.177589347433075,0.8118313881047475,2.886632326359884,0.8371306257348446,0.0018462073500710738,0.002019931527642253,655320.75
2020-09-01,61.80372728209653,65.99972398376596,79.61944888642826,-1.3499984741210938,0.012000001966953278,746.8944002468396,461.59970373773024,89.39234167290552,46.05116668918016,9.261545014744067,2.370719644554231,82.96153425827607,67.2768430777237,50.74241109017307,3.879190108330713,0.7966999207205915,2.6804443030484637,1.3037561743012174,0.0019321903731486212,0.0018756507042392346,682373.5
2020-10-01,58.46794688171122,61.22519042669796,71.77483381240764,1.75,-0.009999997913837433,693.5448002292081,492.65180358235665,83.00717441055512,52.569658968078,8.60000608511949,3.381917979792545,73.62334520878142,67.93996339604793,48.93628626471292,3.602105100592805,1.2905075488024913,2.565505732922792,1.210630733279702,0.0017941767750665769,0.001872175766197523,665235.7142857143
2020-11-01,65.2253208085857,58.15524983324326,68.18302431183764,0.15000152587890625,-0.0020000040531158447,858.0418792306933,457.4623890407597,77.07809052408689,55.46040040339386,7.9857199361823845,3.7264621161410685,72.57360585548149,61.9765406956296,47.7697106178372,3.344811879121891,1.2640425930984072,2.382255323428307,1.4615463742619552,0.0016660212911332498,0.0018215888902672589,654497.5
2020-12-01,74.08302821172131,65.24820334693214,73.32212724833062,-2.1699981689453125,-0.007999993860721588,1214.2418035936794,424.7865041092769,96.69179276343782,51.49894323172287,9.510336568112438,3.4602862507024206,62.61428106061906,63.61075831182949,47.972850546671516,3.1058967448988986,1.8544680349697262,2.372386718085772,1.3571502046718156,0.0015596644699796543,0.0016914753981053117,675613.7142857143
2021-01-01,82.00247999917944,67.5151707930094,75.32616282020305,-1.9300003051757812,-0.01000000536441803,1797.216300881631,394.44461095861425,99.38810653368333,47.82044728659981,9.80926560021713,3.2131229470808194,68.35160447517723,61.30780329159539,48.24335389095346,3.7190471517922807,1.7220060324718887,2.202930523936788,1.3902997104904582,0.0014640380659480788,0.0015706557268120752,686494.375
2021-02-01,84.27265462252018,66.07098503177207,75.5211348769943,0.6399993896484375,-0.016999997198581696,1962.603613095443,366.2699958901418,92.28895606699166,47.39256377505696,9.20491724819269,2.983614165146475,63.21297010016677,55.75038784693803,48.517459388450085,3.4534009266642607,2.0097198872953252,2.0455783436555888,1.6235949529889078,0.00137446725896525,0.001458466032039784,748625.5
2021-03-01,88.74314719777223,67.78998858457953,75.32713424484405,0.34999847412109375,-0.013000000268220901,2681.2326518921973,340.10785332656025,92.61902435573333,44.00738064826718,8.547423159036068,2.7996475143994055,54.869099607975684,48.044818524241386,50.28192709047975,3.2067294319025277,2.637597256185503,1.8994656048230467,2.0540629195164857,0.0013696489297987866,0.0013542898868940854,802865.5714285715
2021-04-01,91.66692800544733,70.4783068398551,76.11230426591412,2.3000030517578125,-0.02199999988079071,3474.0776410427543,315.81443523180593,97.55623620420774,40.8639963162481,8.283221668742197,2.599672691942305,53.564817982449696,42.67109515853941,47.473328317360014,2.9776773296237757,2.581339655367007,1.763789490192829,2.369663104917931,0.0012718168633845876,0.0014071966131563242,792638.375
2021-05-01,89.54295967952005,73.54083972222314,78.90643736633763,-1.9500045776367188,-0.01000000024214387,3225.929238111129,376.7317077152484,105.46507856796968,37.945139436516094,9.030181665338736,2.4139817853749976,56.95958315964505,45.6020247595203,47.45822103826855,3.1721287309536623,2.396958251412221,1.8446047149446805,2.20040145456665,0.0011809728017142598,0.0013074744596400314,769838.4285714285
2021-06-01,62.35819691811196,73.86245278967249,76.86562445491779,-1.44000244140625,0.005000000353902578,2995.5057211031913,1808.2023223427307,99.57042591356114,35.2347723339078,8.385168689243113,2.5236982440647298,63.3915165437543,45.59408664610939,48.2957925088056,3.854119623078624,2.2257469477399194,1.7128472353057747,2.043883870200282,0.001134049318510758,0.0012140834268086005,692629.375
2021-07-01,60.150509081600845,75.18486734472529,79.71802674819813,2.600006103515625,0.03199999872595072,2781.5410267386774,1842.7606944075358,99.12897668536034,32.718002881485816,9.210836571652086,2.3434340837743917,54.58601365916539,50.914521116943945,47.79944562507634,3.578825364287294,2.9774793086156395,1.9686121623109984,1.8978921651859761,0.0010530457957599894,0.0011500044321019526,577723.8571428572
2021-08-01,64.08481456605051,76.52384573759623,81.01681480364138,-0.2700042724609375,0.0,3053.2423373287716,1711.1349305212832,99.03117589533461,30.3810026756654,9.286972059279616,2.176045934933364,56.713955239240065,55.08199806666844,47.901367295347896,3.622480869795791,2.7648022151430935,2.161106182316128,1.7623284391012637,0.000981830265069195,0.0010678612583803844,550454.875
2021-09-01,67.03376953661483,78.17672249695376,82.75084979998394,0.45999908447265625,0.0,3230.9030409124307,1588.91100691262,101.05897834254286,28.210931055975013,9.693667832947144,2.0206140824381236,56.625298724688705,54.621383933530865,48.39908648919766,3.3637322362389486,2.5766024056909083,2.006741455007833,1.6671703181721556,0.0009300577624407871,0.000991585454210357,578192.0
2021-10-01,63.60683390221798,69.30432516449478,72.54703766155134,1.6200027465820312,-0.011999998241662979,3000.1242522758284,1716.545432758147,93.84047988950408,41.56301717474465,9.001262987736634,3.40622224926174,52.87969280019823,50.63160316913903,47.685035800286684,3.123465647936167,2.7832737496203523,1.8634027796501307,1.8169127999796133,0.000863625065123588,0.0009474778325246423,618655.8571428572
2021-11-01,71.69743652349193,73.74650983584783,76.58749042778567,-0.12999725341796875,0.019999999552965164,4037.8341271132695,1593.9350447039938,108.41186302239664,38.59423023369146,10.346612140258795,3.162920660028759,54.32510384994583,53.629503216065466,48.17155671702133,3.0739318642108158,2.5844684817903274,1.9512433072476658,1.687133314266784,0.000817724276388128,0.0008798008444871678,676554.0
2021-12-01,67.70823268501628,72.29462894622851,77.54859262682447,1.8699951171875,0.0,3749.417403748036,1788.1919165108513,100.66815852079688,38.57891970360635,10.144577518912184,2.9369977557409905,53.48888101265306,56.87757518195835,47.97588839769305,2.854365302481472,2.482006011411331,2.0663439701507342,1.5666237918191563,0.0007593153995032617,0.0008233867137102873,705226.25
2022-01-01,58.947470290857126,75.04091247247439,78.0556692462479,-0.31999969482421875,-0.015000000596046448,3481.6018749088907,2424.676813099362,107.70473118225782,35.82328258192019,9.70065462344859,2.7272122017594915,56.88245852486996,53.69541012189527,47.7506867353674,3.0404825461518805,2.304719867739093,1.9187479722828247,1.6546449265273862,0.0007050785852530288,0.000771504545709148,678185.0
2022-02-01,53.496666544103974,66.15474182774466,64.65641507419856,0.8700027465820312,0.13999999314546585,3232.916026701113,2810.2942059136935,100.01153609781082,51.16664604705089,9.007750721773691,4.923969296165063,54.62625942530996,48.69465411404807,48.544138298183,2.8233052214267462,2.3450977611846264,1.7816945456911941,1.8772174603747604,0.0006758584481602831,0.0007163970781584947,657231.125
2022-03-01,56.12703691383675,61.70837640352392,59.44855928613766,0.1699981689453125,0.11499999463558197,3338.4298372938906,2609.5589054912866,92.86785494796719,57.62687584949368,8.364339955932714,5.7055383663887635,60.65233988408229,46.53780224640304,48.18740173987801,3.3566411731049697,2.1775907782428674,1.6544306495703947,1.9005946625633936,0.0006275828447202629,0.0006747966612511078,654774.1428571428
2022-04-01,57.418644479292105,64.54404951019231,62.59161499700987,1.5999984741210938,0.20500001311302185,3267.5020922193266,2423.161840813337,97.41088065480882,53.5106704316727,8.864600027439751,5.297999911646708,61.855853336942246,40.68090753020502,48.054093864140704,3.2790231617168915,2.0220485797969485,1.536257031743938,2.2401017690111535,0.0005827554986688156,0.0006299517897391006,680172.0
2022-05-01,51.926973571195546,53.64807583865633,49.70221917042477,4.650001525878906,0.3150000274181366,3034.109085632232,2808.921765130242,90.45296060803676,78.15133543432107,8.231414311194055,8.330048031099398,58.67171298680421,33.2755380667587,47.604142554952084,3.0448072215942568,2.144758697981095,1.426524386619371,2.860481833257288,0.0005411301059067573,0.000595598919896199,649158.7142857143
2022-06-01,48.17106900901015,53.65272200554804,48.60537834579113,-1.2099990844726562,0.22199994325637817,2817.387008087073,3031.324814272725,84.00772960478413,72.56909718901242,7.643456146108766,8.08207959960904,54.0490737101756,31.913564100065784,45.25526711459567,2.827320991480381,2.4037048104439407,1.3246297875751303,2.8260497899917003,0.0005024779554848462,0.0006078413234014509,641998.25
2022-07-01,41.601184259870415,45.842874641199195,42.865958510192556,2.94000244140625,0.5700000524520874,2616.145078937996,3672.4861835657443,78.00717749015669,92.15487735631511,7.097494992815283,9.459920820312188,51.99977685944628,31.15553125438477,43.538985286173784,2.6253694920889252,2.4234396579680344,1.2300133741769066,2.7179641587171814,0.00046658667295021433,0.0006050659388031958,639505.75
2022-08-01,44.032976456931436,53.14800539499179,50.85361187954256,1.2099990844726562,0.6980000734329224,2683.003996290639,3410.1657418824766,97.07167597300266,85.57238611657831,9.089353958172227,8.784212190289889,48.76067956630109,34.27584303344847,49.056764701527946,2.4378430997968588,2.5617654402811434,1.3162008387655537,2.523823861665954,0.0005410412811061839,0.0005618469431743961,627268.4285714285
2022-09-01,42.27848972688379,49.494065049283655,47.604805729952346,2.7999954223632812,0.5619997978210449,2491.3608536984502,3401.377675498014,90.1379848320739,91.98078989842986,8.440114389731354,9.289428374521416,45.387754889865526,31.32792813688279,48.012069979043375,2.263711449811369,2.723782325336397,1.2221864931394428,2.6790816909526494,0.0005023954753128851,0.0005439986408586817,635584.125
2022-10-01,41.940159974492545,42.81426237554292,41.9046532653584,3.4200057983398438,0.32000017166137695,2313.4065070057036,3202.5631707749417,83.69955734406861,111.79501082086345,7.8372490761791145,10.865325615348011,42.3809620979998,26.98362296713384,48.13796275220371,2.1020177748248425,2.8577983094920563,1.1348874579151969,3.0709505027526274,0.00046886872516236234,0.0005051415950830617,653993.625
2022-11-01,42.7890456789841,48.60525263802611,44.410413761171256,-0.5900039672851562,0.7949998378753662,2224.162069005296,2973.8086585767314,98.17529348243872,103.8096529050875,8.060267226011186,10.089230928537438,40.641292384670514,24.5456549003722,47.75334704210528,1.9518736480516397,2.850812323588048,1.0538240680641113,3.2394982015654974,0.0004353781019364793,0.0004763445916636068,631784.8571428572
2022-12-01,40.78105761041,52.37979137822043,47.75831218101714,-5.5800018310546875,0.2779998779296875,2065.293349790632,2999.0513994819653,106.0292101589163,96.39467769758126,8.564561841703467,9.368571576499049,50.805596694743016,31.966701116421945,48.051427325707884,2.7338822372254064,2.6471828719031874,1.4134138746211948,3.008105472882247,0.000409137444633068,0.00044231997797334916,661718.0
2023-01-01,40.3999435998614,47.99170718259452,42.87198347934525,-2.4300003051757812,0.007000446319580078,1917.7723962341584,2829.195607554682,98.45569514756514,106.6957798207451,7.952807424438935,10.597319672597331,53.98287445729655,30.583289776314857,46.61535998311339,2.883605065356069,2.4580983810529595,1.3124557407196809,2.978958787668002,0.0003799133414449917,0.0004350827061723964,639508.875
2023-02-01,46.15187983329066,52.23787700498725,48.909843189734666,-1.4199981689453125,0.309999942779541,2251.6305900299326,2627.110207015062,108.35886675532834,99.07465269069188,9.42042262026584,9.840368267411808,59.658613828140865,38.55731521716115,48.75755191951686,3.375490723006417,2.2825199252634625,1.7358668654408755,2.7661760171202876,0.00038441396815077283,0.00040400537001722517,649903.1428571428
2023-03-01,46.15873084237073,50.2540875983017,48.70704924089211,2.7700042724609375,0.1399998664855957,2091.3762844920802,2439.4594779425574,100.61894770137631,99.60147716367817,8.747535290246853,9.211949890191546,52.75209631646097,35.58488537170682,48.94223693157636,3.134384242791673,2.8073402793741082,1.6118763750522416,2.9177894035927223,0.00035960397678645283,0.0003751478435874233,681766.5714285715
2023-04-01,50.627451579888785,52.77873534116759,54.00980165037824,-2.3600006103515625,-0.125,2322.787325555146,2265.212372375232,103.37189116913514,92.48708593770117,10.045560723616498,8.553953469463577,59.75468769247382,40.07996303422041,48.788794065776024,3.8704998284069996,2.606815973704529,1.8122766674592243,2.7093758747646706,0.0003339179784445633,0.00035049733625737857,683748.75
2023-05-01,51.27311492812685,53.86888608336617,54.40473144934166,-0.8400039672851562,0.3379998207092285,2213.3255355601354,2103.411488634144,100.28603621955405,85.88086551357966,9.477615660071347,7.942956793073321,60.49593135549851,40.40061712655594,50.534477148002544,3.7068928285961205,2.420614832725634,1.7054178813628067,2.5158490265671944,0.00033249507060400575,0.00032546181223899436,680261.75
2023-06-01,49.4668207838859,54.0653302884548,58.945901712319255,2.6500015258789062,0.3250002861022949,2055.2308544486973,2099.5355564102765,93.86204060788948,79.74651797689539,10.589967192164465,7.375602736425227,58.66936642257093,38.38097544172612,49.92770256523188,3.4421147694106833,2.4248563252123074,1.5836023184083206,2.5424062058218815,0.00030874542270371966,0.00030963957568537194,622999.2857142857
2023-07-01,52.34123743984139,58.98236584029696,62.349071852706054,-1.4099960327148438,-0.0950002670288086,2141.1139184166473,1949.5687309523996,106.48259518500451,74.05033812140286,11.34141231948196,6.848773969537711,55.711083835679545,38.597651457975886,48.40386785136894,3.1962494287384913,2.5409382342512723,1.4840076991595677,2.36080576254889,0.00028669217822488256,0.0003055997004018674,677543.625
2023-08-01,51.141868287169046,61.26931340335478,64.53364091220863,-1.0500030517578125,0.0950002670288086,1988.1772099583154,1899.3952948129424,108.77527253786134,68.76102825558837,11.571714533129454,6.359575828856445,58.00819740858229,36.84795040143334,47.35867192986508,3.2593746003325053,2.3594426460904674,1.3780071492195987,2.3617046507778197,0.0002662141654945338,0.0002959092105342082,694029.25
2023-09-01,48.00836735031359,59.18450103908792,63.01632900358485,1.7600021362304688,0.04999971389770508,1846.16455210415,1999.3412503173752,101.00561021372839,69.65665514358206,10.745163495048777,6.3062320161646905,56.215031547749774,34.80405074061052,46.94095528598244,3.0265621288801836,2.3573397307307684,1.2795780671324846,2.3969424524730982,0.00024719886795920994,0.00027941774317104696,685554.8571428572
2023-10-01,49.06438292136079,53.85375560186025,57.93248836530995,2.5499954223632812,0.0020003318786621094,1788.327324052068,1856.5311610089914,93.79092376989065,80.36763345921905,9.977651816831008,7.245243484876141,50.08266461452502,30.35409176096603,49.620113792118296,2.810379119674456,2.8011017016941957,1.1881796337658785,2.726217288805935,0.00025554646098270106,0.0002594593329445436,747095.5
2023-11-01,56.18449630092171,51.701488178111425,56.225226397111626,0.4900054931640625,0.019999980926513672,2210.5800319322775,1723.9217923654921,87.09157207204133,81.35923106927484,9.26496240134308,7.213339234840346,57.454561065400725,27.922809266993667,50.39733089881846,3.512494853244026,2.6010230087160386,1.1033096599254586,2.8479749310187366,0.00024478629768427153,0.0002409265234485048,670357.0
2023-12-01,58.64635420896379,58.74697440414348,62.74649391441959,-3.160003662109375,-0.0820002555847168,2270.1789470621147,1600.7845214822428,107.58503120975266,75.5478574214695,11.281685406436878,6.698100718066035,59.81101399466851,37.17353593404745,49.16015744013151,3.5944597681629795,2.415235650950607,1.5647419786152137,2.6445481502316843,0.000227301562135395,0.00023506791341441097,789977.0
2024-01-01,62.07706335404693,61.97389717580478,65.74211185186783,-2.1699981689453125,-0.05800008773803711,2433.1976941469634,1486.442769947797,114.33111994030604,70.15158189136454,11.935759356200316,6.21966495248989,61.01848830642981,44.32352033787428,45.906258656216494,3.510569653933146,2.2427188187398497,1.954921279947386,2.4556518537865637,0.00021106573626858107,0.0002487097768029882,677618.75
2024-02-01,62.31183568296164,63.1392253028234,66.91936927859808,1.9399948120117188,0.008000373840332031,2282.070570904323,1380.2682863800972,111.58031310305203,65.14075461340994,11.683161083966143,5.775403170169184,58.877287539391595,43.21235949282388,48.47532984461205,3.2598146786522073,2.2768104188800837,1.81528404566543,2.3855604973567757,0.00021727698538346476,0.00023094479274563188,626977.5
2024-03-01,72.90574958616807,66.76484282126614,69.82048007941106,0.8900070190429688,0.034999847412109375,3448.7639118218717,1281.6776944958044,121.5117276805126,60.48784356959494,12.407038424229722,5.362874372299957,59.36283721550961,41.467646491214424,51.58267235978874,3.088399388059304,2.114181103245792,1.6856208995464708,2.3792852192601424,0.0002284685965218459,0.00021444873612094388,636043.2857142857
2024-04-01,76.73938865177468,68.8463250573101,70.4550542877393,0.3899993896484375,-0.019999980926513672,3926.371177048881,1190.129287746104,124.12375271226172,56.16728331462388,11.875226388347242,4.979811917135675,67.29748526074121,42.22176313367971,48.53214235110323,4.039942550491452,1.9631681672996637,1.614484587037013,2.209336275027275,0.00021214941105599978,0.00022498235518917444,651501.375
2024-05-01,66.10797377506563,62.97148431944899,64.92137516294167,1.6699981689453125,0.04199981689453125,3645.9160929739605,1869.1766935320968,115.2577703756716,67.77391709572217,11.026995932036725,5.958158655894957,69.68635841812265,37.8845727471473,42.037004474904634,4.190660503776661,1.822941869635402,1.499164259391512,2.4580250413757736,0.00019699588169485696,0.00027162904568896765,643941.8571428572
2024-06-01,69.06548641236482,66.38752302498912,68.60431119203264,-1.5500030517578125,-0.006999969482421875,3875.1048430293918,1735.6640725655184,124.29791707874863,62.9329230174563,12.089512056868923,5.532575894759603,70.96046770472901,40.607218629727925,40.91533322323787,4.136328177404779,1.692731736090016,1.5605266851646071,2.282451824134647,0.00018292474728808148,0.00026415641490123027,491681.0
2024-07-01,64.79015235062568,68.73759943535671,72.04143285202,1.2000045776367188,0.0,3598.311639955864,1955.4824312215528,128.48879549053444,58.43771423049513,13.237626656741009,5.137391902276774,70.68993082329847,42.388879840990086,37.16769328126135,3.8408761647330087,1.5925372224351488,1.5594180503914097,2.1194195509821725,0.00016985869391036138,0.00028714759008197386,462270.28571428574
2024-08-01,65.71192930377907,69.51317778076117,69.92489847755655,-1.7700042724609375,0.0,3479.929167905445,1815.8051147057274,123.72672611397842,54.26359178545977,12.292081895545223,5.286895211572853,74.80603657474585,45.94740687642882,48.61833809774614,4.390814191889357,1.478784563689781,1.672925979130193,1.9680324401977316,0.00025229721394503217,0.00026663704793326143,478620.625
2024-09-01,60.72857087766663,71.08876460920277,70.58958561167597,-2.4000015258789062,0.0,3231.362798769342,2089.629860976747,123.89625265271209,50.38762094364121,11.782989968854492,4.909259839317649,76.2795324539133,48.00343823262034,49.74352087627419,4.415755337781188,1.3731570948547966,1.6871173320090074,1.8274586944693223,0.0002450644250818756,0.0002475915445094571,509035.875
2024-10-01,63.05689875267787,72.47469492573015,72.09665620257924,-0.9199981689453125,0.0,3311.9512818929607,1940.3705851926934,123.19509732930409,46.78850516195256,11.77850603134703,4.558598422223531,79.48765915837515,50.006271950518624,49.20544437377741,4.941058833115456,1.275074445222311,1.6973517054062435,1.6969259305786564,0.00022755982329031305,0.000234908966873859,498822.5714285714
2024-11-01,66.44112944770848,70.65133777857817,70.92249313868709,3.2000045776367188,0.0,3567.2181546148922,1801.7726862503582,114.39544752006807,47.52002516154523,10.9371841719651,4.484135197868278,81.83649253991365,44.851308015847266,41.06976601521584,5.334554412767365,1.1839976991350032,1.576112297877226,1.937970942059366,0.00021130555019814782,0.00030319835547266055,497645.875
2024-12-01,75.60880719965803,74.59690374513725,74.23231231579607,1.7599945068359375,0.0,5186.264514106685,1673.0746372324754,129.5764646614918,44.12573765000628,11.99531219986045,4.163839826591973,74.84170894574335,46.86879107192645,54.671356889906164,4.953514811855411,1.6651405898357396,1.587437484956866,1.7995444461979828,0.0003395699822466339,0.00028154133008175626,571710.375
2025-01-01,73.13213670781056,69.92855595073281,74.41283210395163,2.75,0.0,4815.81704881335,1769.2729890372987,120.32100289995667,51.741756389291545,11.24436530444631,3.8664226961211177,71.94847535281303,41.202655346960626,41.541601396209295,4.599692325294311,1.7933442230673386,1.4740490931742325,2.103509393679377,0.00031531498351473154,0.00044371926869756834,575197.5714285715
2025-02-01,75.68189391888296,71.92309535996044,75.86716717720981,-0.1199951171875,0.0,5112.960139076683,1642.8963469632058,123.07663857451334,48.04591664719929,11.286783948297243,3.590249646398181,76.57866229939246,42.47797725037645,50.102740859127145,5.444713778900521,1.6652482071339574,1.4424124121676467,1.9532587227022786,0.0004137217939922647,0.0004120250352191706,541238.75
2025-03-01,62.790141187486896,69.24523383367374,70.72322717892033,-0.7600021362304688,0.0,4747.7487005712055,2813.5477239658335,114.28545010490525,50.75905011213148,10.48058509484744,4.338570524752552,77.71428996406667,47.804067505262296,48.99816465397795,5.392233612913207,1.546301906624389,1.6611286904140425,1.8137402425092586,0.00038417023727853154,0.00039988002254552174,532099.5714285715
2025-04-01,61.64617374385089,59.70958487089177,58.790441997895655,-3.4000015258789062,0.0,4408.623793387548,2742.8724401111313,106.1222036688406,71.60839670010424,9.731971873786907,6.821691516148576,82.53084878970841,46.731206685895685,50.166739475736605,6.7835044716169515,1.4358517704369327,1.5424766410987538,1.7582655192022358,0.0003738019792978733,0.0003713171637922702,523712.625
2025-05-01,65.91983692577739,58.6238802573662,60.13025967413868,-4.739997863769531,0.0,4926.46483939558,2546.952980103193,98.54204626392341,69.5499425831325,9.553380272311058,6.334427836423678,84.76010096564151,45.421300536791804,52.12857075116779,7.4153951783039105,1.3332909296914377,1.4322997381631286,1.721066020272054,0.0003754566189340325,0.00034479450923567944,527388.7142857143
2025-06-01,69.22403381676139,64.23213673111223,67.07178805778564,-0.1399993896484375,0.0,5319.6302972958965,2365.027767238679,115.97689173167888,64.58208954148019,11.981037994210713,5.881968705250558,84.63360929304527,42.520646218581746,53.164331250583324,6.885724094139346,1.2501974997246386,1.3299926140086193,1.7978822709864386,0.0003634287558637235,0.00032016633000455947,531309.875
2025-07-01,69.97458747461016,68.20456065344939,71.1096230821961,-2.4500045776367188,0.0,5118.03114659619,2196.0972124359164,128.63998902986253,59.96908314566018,13.443526107626466,5.461828083446947,84.81025319241128,45.516982926511865,52.450195185398236,6.481742406611536,1.1608976783157359,1.3947259601829478,1.6694621087731216,0.00033746955901631465,0.00030593997992523685,502789.25
2025-08-01,72.47110461619647,69.85730060730754,72.66376103596897,3.1500015258789062,0.0,5368.37657808932,2039.2331258333509,129.05427134246165,55.68557720668445,13.481321117796004,5.0716975060578795,83.24348776215034,44.41927515958779,50.66903489547836,6.018760806139284,1.2115474953780048,1.2951026773127372,1.6205294951163363,0.0003133645905151493,0.0003050892465503629,531682.1428571428
2025-09-01,67.22078049004037,71.30164340728864,73.26063306063665,-2.2600021362304688,0.0,4984.921108225797,2430.8230588095403,128.4696540255894,51.70803597763556,12.902925970989147,4.709433398482317,85.56412779936221,44.42369392311769,51.29264954214774,6.668136167782237,1.1250083885652902,1.202810601136102,1.5047773883223121,0.00029833406415886006,0.00028329715751105125,552775.25
2025-10-01,69.08682445994633,73.84937524195404,76.35241385155547,0.0,0.0,5044.52495763824,2257.1928403231445,135.59326411751158,48.01460483637588,14.119519951576976,4.373045298590723,89.45640761863902,48.87715030368448,51.523461116765425,8.863268862689532,1.0446506465249124,1.3359136769199071,1.3972932891564327,0.0002795960028221084,0.00026306164626026187,529154.125
